MutationType	Sig D1	Sig D2	Sig D3	Sig D4
AC>CA	0.0139	0.0085	0.0041	0.0407
AC>CG	0.0032	0.0014	0.0002	0.0018
AC>CT	0.0070	0.0077	0.0060	0.0100
AC>GA	0.0081	0.0072	0.0067	0.0089
AC>GG	0.0041	0.0077	0.0002	0.0037
AC>GT	0.0044	0.0189	0.0000	0.0250
AC>TA	0.0078	0.0051	0.0132	0.0107
AC>TG	0.0022	0.0032	0.0018	0.0057
AC>TT	0.0061	0.0102	0.0098	0.0131
AT>CA	0.0512	0.0004	0.0012	0.0021
AT>CC	0.0189	0.0004	0.0006	0.0020
AT>CG	0.0048	0.0001	0.0004	0.0003
AT>GA	0.0419	0.0009	0.0011	0.0039
AT>GC	0.0248	0.0024	0.0000	0.0080
AT>TA	0.0348	0.0107	0.0085	0.0161
CC>AA	0.0000	0.0027	0.2195	0.0000
CC>AG	0.0014	0.0043	0.0561	0.0041
CC>AT	0.0002	0.0218	0.0708	0.0059
CC>GA	0.0037	0.0034	0.0171	0.0073
CC>GG	0.0021	0.0078	0.0022	0.0041
CC>GT	0.0049	0.0514	0.0022	0.0049
CC>TA	0.0016	0.0217	0.0137	0.0015
CC>TG	0.0050	0.0232	0.0030	0.0194
CC>TT	0.0000	0.2120	0.0001	0.0033
CG>AT	0.0001	0.0016	0.0019	0.0020
CG>GC	0.0000	0.0012	0.0001	0.0010
CG>GT	0.0004	0.0016	0.0013	0.0023
CG>TA	0.0001	0.0020	0.0003	0.0089
CG>TC	0.0006	0.0015	0.0006	0.0073
CG>TT	0.0001	0.0026	0.0051	0.0051
CT>AA	0.0065	0.0126	0.0463	0.0075
CT>AC	0.0177	0.0031	0.0129	0.0100
CT>AG	0.0079	0.0096	0.0116	0.0061
CT>GA	0.0097	0.0049	0.0004	0.0051
CT>GC	0.0312	0.0043	0.0001	0.0056
CT>GG	0.0078	0.0026	0.0009	0.0083
CT>TA	0.0153	0.0169	0.0155	0.0174
CT>TC	0.0191	0.0113	0.0001	0.0719
CT>TG	0.0117	0.0084	0.0019	0.0146
GC>AA	0.0021	0.0457	0.0639	0.0364
GC>AG	0.0061	0.0954	0.0067	0.0032
GC>AT	0.0002	0.1040	0.0009	0.0034
GC>CA	0.0068	0.0115	0.0032	0.0062
GC>CG	0.0008	0.0118	0.0000	0.0012
GC>TA	0.0018	0.0005	0.0052	0.0048
TA>AT	0.0488	0.0169	0.0098	0.0227
TA>CG	0.0040	0.0014	0.0010	0.0086
TA>CT	0.0386	0.0023	0.0156	0.0065
TA>GC	0.0074	0.0006	0.0002	0.0006
TA>GG	0.0066	0.0008	0.0005	0.0089
TA>GT	0.0525	0.0002	0.0003	0.0029
TC>AA	0.0054	0.0277	0.0842	0.0303
TC>AG	0.0015	0.0058	0.0100	0.0085
TC>AT	0.0105	0.0250	0.0586	0.0101
TC>CA	0.0093	0.0056	0.0314	0.0200
TC>CG	0.0041	0.0011	0.0004	0.0035
TC>CT	0.0147	0.0137	0.0030	0.0784
TC>GA	0.0121	0.0017	0.0252	0.0034
TC>GG	0.0019	0.0013	0.0021	0.0023
TC>GT	0.0119	0.0064	0.0019	0.0085
TG>AA	0.0098	0.0090	0.0084	0.0157
TG>AC	0.0031	0.0030	0.0022	0.0080
TG>AT	0.0107	0.0120	0.0453	0.0081
TG>CA	0.0019	0.0189	0.0001	0.1172
TG>CC	0.0024	0.0024	0.0008	0.0168
TG>CT	0.0042	0.0107	0.0532	0.0268
TG>GA	0.0079	0.0024	0.0080	0.0092
TG>GC	0.0134	0.0003	0.0002	0.0031
TG>GT	0.0239	0.0029	0.0040	0.0482
TT>AA	0.0482	0.0130	0.0094	0.0446
TT>AC	0.0310	0.0039	0.0015	0.0041
TT>AG	0.0247	0.0093	0.0042	0.0022
TT>CA	0.0842	0.0002	0.0000	0.0009
TT>CC	0.0320	0.0067	0.0003	0.0220
TT>CG	0.0085	0.0003	0.0001	0.0035
TT>GA	0.0212	0.0033	0.0002	0.0066
TT>GC	0.0342	0.0014	0.0000	0.0044
TT>GG	0.0113	0.0035	0.0003	0.0127