MutationType	Sig S1	Sig S2	Sig S3	Sig S4	Sig S5	Sig S6	Sig S7	Sig S8	Sig S9	Sig S10	Sig S11	Sig S12	Sig S13	Sig S14	Sig S15	Sig S16	Sig K1	Sig K2	Sig K_APOBEC
A[C>A]A	0.0049	0.0000	0.0052	0.0001	0.0147	0.0055	0.0433	0.0261	0.0047	0.0091	0.0049	0.0505	0.0112	0.0005	0.0041	0.1432	0.0019	0.0085	0.0008
A[C>A]C	0.0055	0.0021	0.0060	0.0011	0.0072	0.0158	0.0380	0.0242	0.0024	0.0070	0.0112	0.0128	0.0054	0.0000	0.0028	0.0251	0.0069	0.0026	0.0008
A[C>A]G	0.0002	0.0009	0.0002	0.0001	0.0001	0.0032	0.0056	0.0005	0.0001	0.0055	0.0025	0.0039	0.0005	0.0000	0.0008	0.0013	0.0007	0.0009	0.0000
A[C>A]T	0.0012	0.0056	0.0023	0.0009	0.0045	0.0060	0.0406	0.0221	0.0020	0.0052	0.0114	0.0233	0.0046	0.0030	0.0026	0.0199	0.0036	0.0060	0.0012
C[C>A]A	0.0075	0.0010	0.0041	0.0015	0.0012	0.0025	0.0280	0.0203	0.0060	0.0008	0.0039	0.0230	0.0064	0.0018	0.3538	0.0085	0.0017	0.0037	0.0020
C[C>A]C	0.0017	0.0083	0.0010	0.0001	0.0064	0.0043	0.0249	0.0106	0.0013	0.0066	0.0079	0.0067	0.0062	0.0011	0.0849	0.0024	0.0071	0.0019	0.0036
C[C>A]G	0.0000	0.0001	0.0005	0.0005	0.0003	0.0028	0.0000	0.0000	0.0003	0.0033	0.0001	0.0010	0.0000	0.0000	0.0885	0.0002	0.0005	0.0003	0.0000
C[C>A]T	0.0065	0.0224	0.0005	0.0001	0.0062	0.0004	0.0212	0.0525	0.0029	0.0009	0.0012	0.0079	0.0056	0.0028	0.2132	0.0012	0.0053	0.0035	0.0016
G[C>A]A	0.0026	0.0002	0.0019	0.0010	0.0070	0.0037	0.0172	0.0344	0.0051	0.0050	0.0011	0.1226	0.0002	0.0038	0.0018	0.0060	0.0076	0.0036	0.0016
G[C>A]C	0.0044	0.0042	0.0074	0.0007	0.0011	0.0040	0.0160	0.0145	0.0024	0.0049	0.0074	0.0217	0.0012	0.0006	0.0023	0.0014	0.0191	0.0000	0.0008
G[C>A]G	0.0003	0.0010	0.0000	0.0000	0.0003	0.0037	0.0008	0.0010	0.0000	0.0044	0.0026	0.0073	0.0001	0.0000	0.0006	0.0010	0.0019	0.0000	0.0000
G[C>A]T	0.0026	0.0068	0.0014	0.0009	0.0043	0.0028	0.0154	0.0314	0.0048	0.0018	0.0060	0.0720	0.0014	0.0035	0.0026	0.0043	0.0182	0.0014	0.0000
T[C>A]A	0.0004	0.0003	0.0256	0.0020	0.0045	0.0039	0.0038	0.1038	0.0003	0.0059	0.0148	0.0431	0.0205	0.0030	0.0499	0.0110	0.0016	0.0053	0.0380
T[C>A]C	0.0018	0.0016	0.0024	0.0000	0.0022	0.0019	0.0198	0.0202	0.0041	0.0049	0.0171	0.0422	0.0136	0.0005	0.0123	0.0020	0.0048	0.0025	0.0225
T[C>A]G	0.0008	0.0003	0.0008	0.0001	0.0002	0.0019	0.0011	0.0037	0.0002	0.0025	0.0011	0.0088	0.0017	0.0001	0.0078	0.0007	0.0002	0.0004	0.0016
T[C>A]T	0.0074	0.0088	0.0183	0.0043	0.0361	0.0024	0.0001	0.1951	0.0022	0.0031	0.0069	0.0930	0.0172	0.0071	0.0241	0.0019	0.0020	0.0052	0.0411
A[C>G]A	0.0065	0.0001	0.0074	0.0001	0.0094	0.0034	0.0117	0.0029	0.0039	0.0221	0.0275	0.0068	0.0001	0.0042	0.0011	0.0008	0.0066	0.0095	0.0008
A[C>G]C	0.0035	0.0003	0.0026	0.0006	0.0013	0.0021	0.0052	0.0020	0.0042	0.0076	0.0224	0.0053	0.0008	0.0018	0.0001	0.0016	0.0160	0.0043	0.0004
A[C>G]G	0.0003	0.0001	0.0003	0.0000	0.0009	0.0016	0.0019	0.0004	0.0000	0.0070	0.0044	0.0005	0.0002	0.0005	0.0001	0.0008	0.0013	0.0017	0.0000
A[C>G]T	0.0049	0.0000	0.0086	0.0025	0.0029	0.0027	0.0044	0.0093	0.0116	0.0127	0.0359	0.0026	0.0009	0.0040	0.0003	0.0010	0.0256	0.0169	0.0008
C[C>G]A	0.0017	0.0002	0.0010	0.0001	0.0003	0.0014	0.0042	0.0000	0.0007	0.0008	0.0396	0.0044	0.0055	0.0004	0.0003	0.0011	0.0031	0.0019	0.0040
C[C>G]C	0.0016	0.0022	0.0015	0.0001	0.0006	0.0028	0.0045	0.0001	0.0006	0.0017	0.0247	0.0042	0.0022	0.0001	0.0001	0.0012	0.0096	0.0008	0.0016
C[C>G]G	0.0000	0.0005	0.0001	0.0000	0.0003	0.0022	0.0001	0.0000	0.0000	0.0013	0.0056	0.0012	0.0003	0.0000	0.0004	0.0023	0.0006	0.0003	0.0004
C[C>G]T	0.0021	0.0019	0.0024	0.0015	0.0011	0.0033	0.0060	0.0014	0.0022	0.0009	0.0393	0.0044	0.0056	0.0008	0.0010	0.0009	0.0215	0.0038	0.0095
G[C>G]A	0.0034	0.0001	0.0019	0.0001	0.0006	0.0011	0.0032	0.0007	0.0031	0.0066	0.0219	0.0027	0.0007	0.0013	0.0005	0.0045	0.0116	0.0040	0.0020
G[C>G]C	0.0046	0.0001	0.0035	0.0004	0.0012	0.0007	0.0007	0.0019	0.0055	0.0050	0.0203	0.0027	0.0003	0.0044	0.0007	0.0172	0.0275	0.0017	0.0004
G[C>G]G	0.0004	0.0000	0.0000	0.0000	0.0005	0.0007	0.0000	0.0000	0.0000	0.0036	0.0030	0.0004	0.0000	0.0000	0.0000	0.0167	0.0021	0.0006	0.0000
G[C>G]T	0.0086	0.0000	0.0058	0.0015	0.0068	0.0029	0.0000	0.0046	0.0043	0.0022	0.0308	0.0016	0.0001	0.0033	0.0000	0.0295	0.1041	0.0000	0.0028
T[C>G]A	0.0000	0.0000	0.0024	0.0002	0.0001	0.0002	0.0001	0.0004	0.0026	0.0112	0.0463	0.0008	0.0492	0.0032	0.0004	0.0007	0.0049	0.0046	0.1087
T[C>G]C	0.0025	0.0004	0.0010	0.0003	0.0007	0.0009	0.0041	0.0015	0.0023	0.0100	0.0311	0.0037	0.0169	0.0017	0.0001	0.0011	0.0126	0.0029	0.0269
T[C>G]G	0.0000	0.0000	0.0001	0.0000	0.0005	0.0006	0.0000	0.0001	0.0000	0.0061	0.0036	0.0004	0.0020	0.0004	0.0001	0.0015	0.0007	0.0005	0.0028
T[C>G]T	0.0000	0.0001	0.0047	0.0011	0.0095	0.0005	0.0050	0.0044	0.0052	0.0223	0.0664	0.0024	0.0689	0.0073	0.0000	0.0005	0.0141	0.0133	0.1459
A[C>T]A	0.0890	0.0221	0.0017	0.0005	0.0406	0.0065	0.0222	0.0100	0.0038	0.0495	0.0022	0.0162	0.0096	0.0046	0.0063	0.0046	0.0238	0.0115	0.0047
A[C>T]C	0.0464	0.0120	0.0016	0.0008	0.0026	0.0080	0.0096	0.0072	0.0076	0.0173	0.0061	0.0107	0.0046	0.0000	0.0006	0.0059	0.0456	0.0000	0.0012
A[C>T]G	0.0209	0.0041	0.0074	0.0016	0.0119	0.2140	0.0256	0.0057	0.0300	0.0387	0.0001	0.0355	0.0024	0.0021	0.0006	0.0125	0.0058	0.0033	0.0004
A[C>T]T	0.0512	0.0112	0.0012	0.0025	0.0065	0.0052	0.0199	0.0124	0.0075	0.0328	0.0121	0.0125	0.0084	0.0017	0.0025	0.0079	0.0375	0.0128	0.0020
C[C>T]A	0.0627	0.0038	0.0035	0.0011	0.0093	0.0087	0.0153	0.0107	0.0102	0.0199	0.0106	0.0232	0.0256	0.0006	0.0033	0.0075	0.0143	0.0039	0.0198
C[C>T]C	0.0540	0.0086	0.0031	0.0006	0.0038	0.0139	0.0206	0.0029	0.0097	0.0151	0.0007	0.0198	0.0066	0.0009	0.0024	0.0048	0.0343	0.0000	0.0071
C[C>T]G	0.0144	0.0010	0.0050	0.0029	0.0272	0.1353	0.0000	0.0063	0.0121	0.0301	0.0095	0.0351	0.0016	0.0004	0.0046	0.0030	0.0031	0.0009	0.0028
C[C>T]T	0.0642	0.0122	0.0058	0.0013	0.0061	0.0129	0.0372	0.0028	0.0038	0.0236	0.0082	0.0240	0.0136	0.0015	0.0059	0.0104	0.0425	0.0002	0.0154
G[C>T]A	0.0653	0.0136	0.0003	0.0005	0.0023	0.0144	0.0049	0.0081	0.0107	0.0164	0.0256	0.0075	0.0071	0.0002	0.0019	0.0028	0.0671	0.0000	0.0067
G[C>T]C	0.0572	0.0192	0.0000	0.0007	0.0005	0.0207	0.0068	0.0053	0.0121	0.0098	0.0257	0.0038	0.0013	0.0051	0.0019	0.0042	0.0930	0.0000	0.0012
G[C>T]G	0.0221	0.0121	0.0000	0.0000	0.0305	0.1537	0.0102	0.0163	0.0216	0.0108	0.0133	0.0181	0.0027	0.0183	0.0032	0.0045	0.0124	0.0001	0.0008
G[C>T]T	0.0772	0.0162	0.0004	0.0031	0.0086	0.0146	0.0114	0.0135	0.0112	0.0023	0.0303	0.0056	0.0000	0.0047	0.0035	0.0098	0.1813	0.0000	0.0012
T[C>T]A	0.0619	0.0041	0.0004	0.0001	0.0039	0.0030	0.0004	0.0010	0.0005	0.0007	0.0123	0.0032	0.2398	0.0004	0.0039	0.0016	0.0109	0.0103	0.2369
T[C>T]C	0.0646	0.0079	0.0023	0.0003	0.0043	0.0093	0.0163	0.0032	0.0062	0.0109	0.0045	0.0127	0.0986	0.0013	0.0032	0.0099	0.0282	0.0052	0.0898
T[C>T]G	0.0139	0.0025	0.0040	0.0008	0.0050	0.0821	0.0035	0.0054	0.0139	0.0201	0.0007	0.0194	0.0197	0.0003	0.0016	0.0092	0.0015	0.0018	0.0091
T[C>T]T	0.0660	0.0016	0.0029	0.0005	0.0247	0.0001	0.0057	0.0085	0.0130	0.0085	0.0006	0.0020	0.1803	0.0019	0.0053	0.1288	0.0153	0.0221	0.1637
A[T>A]A	0.0025	0.0065	0.0281	0.0004	0.0344	0.0071	0.0172	0.0015	0.0580	0.0032	0.0070	0.0025	0.0090	0.0001	0.0022	0.0224	0.0000	0.0435	0.0012
A[T>A]C	0.0016	0.0112	0.0012	0.0010	0.0001	0.0171	0.0224	0.0050	0.0182	0.0016	0.0002	0.0022	0.0006	0.0096	0.0005	0.0014	0.0001	0.0054	0.0000
A[T>A]G	0.0021	0.0059	0.0082	0.0003	0.0016	0.0134	0.0338	0.0012	0.0139	0.0060	0.0003	0.0052	0.0025	0.0003	0.0015	0.0038	0.0005	0.0177	0.0000
A[T>A]T	0.0016	0.0176	0.0209	0.0060	0.0372	0.0138	0.0264	0.0540	0.0302	0.0008	0.0004	0.0006	0.0095	0.0045	0.0019	0.0010	0.0000	0.0270	0.0004
C[T>A]A	0.0004	0.0001	0.0092	0.0015	0.0053	0.0000	0.0178	0.0025	0.0143	0.0036	0.0160	0.0029	0.0063	0.0004	0.0026	0.0021	0.0001	0.0132	0.0008
C[T>A]C	0.0019	0.0033	0.0000	0.0078	0.0139	0.0016	0.0234	0.0010	0.0002	0.0087	0.0055	0.0039	0.0030	0.0006	0.0008	0.0005	0.0009	0.0046	0.0016
C[T>A]G	0.0037	0.0023	0.0060	0.0029	0.0043	0.0004	0.0256	0.0007	0.0050	0.0077	0.0110	0.0050	0.0027	0.0002	0.0005	0.0032	0.0062	0.0082	0.0000
C[T>A]T	0.0003	0.0000	0.0005	0.0245	0.0114	0.0015	0.0439	0.0026	0.0015	0.0115	0.0189	0.0056	0.0080	0.0001	0.0014	0.0012	0.0006	0.0071	0.0000
G[T>A]A	0.0014	0.0021	0.0048	0.0002	0.0040	0.0004	0.0111	0.0008	0.0298	0.0004	0.0065	0.0017	0.0019	0.0016	0.0013	0.0019	0.0000	0.0170	0.0000
G[T>A]C	0.0007	0.0036	0.0001	0.0020	0.0002	0.0043	0.0091	0.0011	0.0293	0.0003	0.0015	0.0003	0.0000	0.0048	0.0009	0.0011	0.0006	0.0034	0.0004
G[T>A]G	0.0035	0.0038	0.0012	0.0000	0.0102	0.0000	0.0155	0.0000	0.0057	0.0065	0.0043	0.0025	0.0006	0.0009	0.0004	0.0027	0.0018	0.0096	0.0004
G[T>A]T	0.0015	0.0036	0.0011	0.0049	0.0049	0.0041	0.0240	0.0052	0.0085	0.0054	0.0081	0.0027	0.0035	0.0012	0.0013	0.0002	0.0001	0.0080	0.0000
T[T>A]A	0.0063	0.0033	0.0391	0.0039	0.0717	0.0038	0.0081	0.0366	0.0295	0.0033	0.0153	0.0020	0.0099	0.0041	0.0057	0.0042	0.0000	0.0275	0.0016
T[T>A]C	0.0005	0.0046	0.0009	0.0028	0.0015	0.0036	0.0165	0.0051	0.0070	0.0031	0.0051	0.0029	0.0012	0.0019	0.0012	0.0019	0.0000	0.0047	0.0004
T[T>A]G	0.0020	0.0028	0.0287	0.0010	0.0043	0.0000	0.0146	0.0033	0.0019	0.0050	0.0046	0.0012	0.0008	0.0000	0.0042	0.0022	0.0003	0.0095	0.0008
T[T>A]T	0.0009	0.0016	0.0168	0.0064	0.0886	0.0088	0.0328	0.0111	0.0086	0.0089	0.0162	0.0022	0.0061	0.0033	0.0036	0.0070	0.0000	0.0176	0.0004
A[T>C]A	0.0106	0.0700	0.0248	0.0001	0.0386	0.0153	0.0065	0.0008	0.0481	0.0507	0.0179	0.0120	0.0006	0.0103	0.0056	0.0065	0.0000	0.0401	0.0004
A[T>C]C	0.0018	0.0274	0.0111	0.0035	0.0074	0.0060	0.0055	0.0056	0.0122	0.0175	0.0010	0.0041	0.0016	0.0227	0.0026	0.0081	0.0001	0.0137	0.0000
A[T>C]G	0.0024	0.0719	0.0161	0.0010	0.0034	0.0108	0.0084	0.0001	0.0100	0.0069	0.0140	0.0139	0.0018	0.0070	0.0003	0.0133	0.0001	0.0181	0.0000
A[T>C]T	0.0032	0.0571	0.0292	0.0075	0.0057	0.0161	0.0107	0.0065	0.0510	0.0347	0.0100	0.0109	0.0064	0.0107	0.0056	0.0038	0.0000	0.0501	0.0004
C[T>C]A	0.0020	0.0366	0.0126	0.0076	0.0094	0.0030	0.0026	0.0071	0.0182	0.0212	0.0058	0.0025	0.0031	0.0038	0.0039	0.0036	0.0000	0.0218	0.0000
C[T>C]C	0.0001	0.0181	0.0034	0.0373	0.0124	0.0061	0.0149	0.0021	0.0034	0.0187	0.0029	0.0020	0.0027	0.0084	0.0015	0.0905	0.0046	0.0128	0.0000
C[T>C]G	0.0006	0.0519	0.0100	0.0208	0.0146	0.0052	0.0024	0.0018	0.0018	0.0069	0.0090	0.0090	0.0005	0.0017	0.0017	0.0117	0.0055	0.0154	0.0000
C[T>C]T	0.0010	0.0318	0.0124	0.1056	0.0353	0.0019	0.0072	0.0043	0.0166	0.0351	0.0049	0.0037	0.0001	0.0001	0.0033	0.0048	0.0003	0.0398	0.0004
G[T>C]A	0.0042	0.0429	0.0082	0.0001	0.0024	0.0061	0.0035	0.0074	0.0332	0.0122	0.0083	0.0033	0.0030	0.0181	0.0020	0.0009	0.0000	0.0177	0.0000
G[T>C]C	0.0031	0.0187	0.0008	0.0021	0.0024	0.0079	0.0033	0.0014	0.0166	0.0110	0.0006	0.0049	0.0009	0.1067	0.0022	0.0007	0.0034	0.0103	0.0000
G[T>C]G	0.0019	0.0419	0.0070	0.0010	0.0150	0.0046	0.0009	0.0004	0.0093	0.0045	0.0082	0.0070	0.0010	0.0191	0.0025	0.0060	0.0024	0.0120	0.0000
G[T>C]T	0.0045	0.0368	0.0098	0.0100	0.0034	0.0069	0.0072	0.0031	0.0347	0.0190	0.0076	0.0079	0.0046	0.0202	0.0033	0.0011	0.0000	0.0263	0.0004
T[T>C]A	0.0012	0.0452	0.0181	0.0032	0.0055	0.0062	0.0017	0.0090	0.0447	0.0150	0.0140	0.0040	0.0043	0.0044	0.0061	0.0042	0.0000	0.0356	0.0004
T[T>C]C	0.0027	0.0272	0.0068	0.0043	0.0195	0.0059	0.0084	0.0099	0.0247	0.0150	0.0016	0.0028	0.0015	0.0982	0.0020	0.0103	0.0000	0.0159	0.0004
T[T>C]G	0.0002	0.0355	0.0102	0.0034	0.0050	0.0045	0.0021	0.0066	0.0093	0.0027	0.0041	0.0074	0.0026	0.0034	0.0006	0.0040	0.0000	0.0123	0.0000
T[T>C]T	0.0003	0.0547	0.0294	0.0125	0.0836	0.0055	0.0000	0.0062	0.0547	0.0264	0.0002	0.0062	0.0016	0.0155	0.0051	0.0050	0.0000	0.0535	0.0004
A[T>G]A	0.0001	0.0000	0.0882	0.0042	0.0207	0.0011	0.0014	0.0056	0.0185	0.0114	0.0005	0.0009	0.0001	0.0091	0.0001	0.0041	0.0000	0.0271	0.0000
A[T>G]C	0.0000	0.0011	0.0102	0.0066	0.0034	0.0003	0.0001	0.0012	0.0073	0.0070	0.0015	0.0004	0.0009	0.0048	0.0013	0.0018	0.0000	0.0084	0.0008
A[T>G]G	0.0003	0.0029	0.0080	0.0035	0.0008	0.0043	0.0088	0.0016	0.0035	0.0199	0.0042	0.0010	0.0021	0.0039	0.0004	0.0094	0.0001	0.0097	0.0000
A[T>G]T	0.0005	0.0041	0.0198	0.0664	0.0071	0.0003	0.0006	0.0108	0.0106	0.0115	0.0001	0.0006	0.0027	0.0191	0.0001	0.0010	0.0000	0.0190	0.0004
C[T>G]A	0.0002	0.0051	0.0451	0.0073	0.0021	0.0002	0.0000	0.0077	0.0001	0.0004	0.0112	0.0017	0.0016	0.0193	0.0032	0.0003	0.0001	0.0080	0.0000
C[T>G]C	0.0000	0.0045	0.0037	0.0288	0.0024	0.0015	0.0007	0.0000	0.0042	0.0007	0.0085	0.0015	0.0006	0.0069	0.0015	0.0018	0.0029	0.0071	0.0004
C[T>G]G	0.0001	0.0124	0.0168	0.0165	0.0034	0.0013	0.0078	0.0061	0.0003	0.0011	0.0062	0.0030	0.0021	0.0194	0.0003	0.0025	0.0048	0.0064	0.0000
C[T>G]T	0.0001	0.0002	0.0233	0.3166	0.0003	0.0011	0.0000	0.0044	0.0003	0.0007	0.0134	0.0024	0.0017	0.0436	0.0006	0.0003	0.0001	0.0084	0.0000
G[T>G]A	0.0000	0.0000	0.0133	0.0000	0.0018	0.0000	0.0000	0.0000	0.0151	0.0034	0.0092	0.0007	0.0028	0.0208	0.0000	0.0099	0.0000	0.0123	0.0004
G[T>G]C	0.0005	0.0013	0.0052	0.0067	0.0002	0.0004	0.0003	0.0005	0.0023	0.0051	0.0007	0.0005	0.0000	0.0260	0.0006	0.0062	0.0015	0.0043	0.0000
G[T>G]G	0.0000	0.0013	0.0006	0.0036	0.0000	0.0000	0.0057	0.0010	0.0059	0.0003	0.0004	0.0001	0.0028	0.0306	0.0008	0.1718	0.0006	0.0066	0.0000
G[T>G]T	0.0002	0.0003	0.0001	0.0678	0.0042	0.0001	0.0000	0.0009	0.0000	0.0058	0.0020	0.0001	0.0031	0.2264	0.0002	0.0067	0.0003	0.0115	0.0008
T[T>G]A	0.0007	0.0005	0.1321	0.0062	0.0002	0.0004	0.0011	0.0088	0.0011	0.0109	0.0122	0.0017	0.0013	0.0173	0.0013	0.0040	0.0000	0.0218	0.0008
T[T>G]C	0.0006	0.0003	0.0122	0.0107	0.0045	0.0003	0.0007	0.0013	0.0077	0.0110	0.0042	0.0028	0.0008	0.0065	0.0014	0.0019	0.0001	0.0101	0.0000
T[T>G]G	0.0014	0.0032	0.0193	0.0069	0.0121	0.0031	0.0085	0.0047	0.0018	0.0146	0.0068	0.0031	0.0008	0.0052	0.0010	0.0076	0.0001	0.0076	0.0000
T[T>G]T	0.0059	0.0014	0.0652	0.1233	0.0590	0.0001	0.0003	0.0323	0.0125	0.0242	0.0020	0.0013	0.0033	0.0523	0.0008	0.0007	0.0000	0.0273	0.0008